{
  "Name": "Carbon Tetrafluoride",
  "Gamma": 1.15,
  "Molar Mass": 0.0880043,
  "Particle Diameter": 0.000000000465,
  "Viscosity": 0.00001732
}