{
  "Name": "Chlorine",
  "Gamma": 1.33,
  "Molar Mass": 0.070906,
  "Particle Diameter": 0.000000000320,
  "Viscosity": 0.00001345660
}