{
  "Name": "Hydrogen",
  "Gamma": 1.4054,
  "Molar Mass": 0.002016,
  "Particle Diameter": 0.000000000289,
  "Viscosity": 0.00000891536
}