{
  "Name": "Methane",
  "Gamma": 1.3062,
  "Molar Mass": 0.016043,
  "Particle Diameter": 0.000000000380,
  "Viscosity": 0.00001107595
}