{
  "Name": "Octafluorocyclobutane",
  "Gamma": 1.1,
  "Molar Mass": 0.20003,
  "Particle Diameter": 0.000000000550,
  "Viscosity": 0.00001150469
}