{
  "Name": "Air",
  "Gamma": 1.4018,
  "Molar Mass": 0.0289647,
  "Particle Diameter": 0.000000000355,
  "Viscosity": 0.00001848989
}