{
  "Name": "Argon",
  "Gamma": 1.6696,
  "Molar Mass": 0.039948,
  "Particle Diameter": 0.000000000340,
  "Viscosity": 0.00002262399
}