{
  "Name": "Helium",
  "Gamma": 1.66666,
  "Molar Mass": 0.004002602,
  "Particle Diameter": 0.000000000260,
  "Viscosity": 0.00001984561
}