{
  "Name": "Nitrogen",
  "Gamma": 1.40,
  "Molar Mass": 0.0280134,
  "Particle Diameter": 0.000000000364,
  "Viscosity": 0.00001780474
}