{
  "Name": "Oxygen",
  "Gamma": 1.40,
  "Molar Mass": 0.0319988,
  "Particle Diameter": 0.000000000346,
  "Viscosity": 0.0000204
}