{
  "Name": "Silane",
  "Gamma": 1.35,
  "Molar Mass": 0.032117,
  "Particle Diameter": 0.000000000480,
  "Viscosity": 0.0000115944
}