{
  "Name": "Sulfur Hexafluoride",
  "Gamma": 1.0984,
  "Molar Mass": 0.14605,
  "Particle Diameter": 0.000000000550,
  "Viscosity": 0.0000153532
}